"","Sl_No","Customer.Key","Avg_Credit_Limit","Total_Credit_Cards","Total_visits_bank","Total_visits_online","Total_calls_made"
"1",5e-06,0.435365,0.5,1e-05,5e-06,5e-06,0
"2",1e-05,0.19207,0.25,1.5e-05,0,5e-05,4.5e-05
"3",1.5e-05,0.086705,0.25,3.5e-05,5e-06,1.5e-05,2e-05
"4",2e-05,0.20248,0.15,2.5e-05,5e-06,5e-06,2e-05
"5",2.5e-05,0.237185,0.5,3e-05,0,6e-05,1.5e-05
"6",3e-05,0.29317,0.1,1.5e-05,0,5e-06,4e-05
"7",3.5e-05,0.24185,0.5,2.5e-05,0,5.5e-05,1e-05
"8",4e-05,0.18688,0.075,1.5e-05,0,5e-06,5e-06
"9",4.5e-05,0.41245,0.025,1e-05,0,1e-05,1e-05
"10",5e-05,0.22385,0.015,2e-05,0,5e-06,3.5e-05
"11",5.5e-05,0.263705,0.05,2e-05,0,2.5e-05,2.5e-05
"12",6e-05,0.26163,0.065,1.5e-05,0,1e-05,3.5e-05
"13",6.5e-05,0.462515,0.055,5e-06,1e-05,2.5e-05,4.5e-05
"14",7e-05,0.12542,0.045,5e-06,5e-06,2.5e-05,3e-05
"15",7.5e-05,0.342585,0.03,1e-05,1e-05,2e-05,3e-05
"16",8e-05,0.27598,0.04,1e-05,0,2.5e-05,3.5e-05
"17",8.5e-05,0.313085,0.075,1e-05,5e-06,1e-05,2e-05
"18",9e-05,0.482315,0.04,1e-05,0,1.5e-05,2e-05
"19",9.5e-05,0.195685,0.055,1e-05,1e-05,1e-05,3.5e-05
"20",1e-04,0.071545,0.095,2e-05,5e-06,2.5e-05,4e-05
"21",0.000105,0.14897,0.025,1.5e-05,1e-05,2.5e-05,2.5e-05
"22",0.00011,0.436205,0.08,1e-05,0,1.5e-05,3.5e-05
"23",0.000115,0.152535,0.03,2e-05,5e-06,2e-05,3e-05
"24",0.00012,0.305305,0.045,5e-06,5e-06,1.5e-05,2e-05
"25",0.000125,0.120005,0.04,1e-05,0,1e-05,5e-05
"26",0.00013,0.340335,0.09,5e-06,5e-06,2.5e-05,5e-05
"27",0.000135,0.32517,0.08,1.5e-05,0,2.5e-05,4.5e-05
"28",0.00014,0.07427,0.045,1e-05,1e-05,1e-05,5e-05
"29",0.000145,0.40565,0.025,1e-05,0,2e-05,3e-05
"30",0.00015,0.14556,0.04,2e-05,0,2e-05,3.5e-05
"31",0.000155,0.069995,0.08,1.5e-05,5e-06,2.5e-05,2e-05
"32",0.00016,0.16275,0.055,1.5e-05,5e-06,2.5e-05,3e-05
"33",0.000165,0.41082,0.03,5e-06,0,2.5e-05,5e-05
"34",0.00017,0.307585,0.08,5e-06,0,2.5e-05,3e-05
"35",0.000175,0.14127,0.04,2e-05,5e-06,1.5e-05,5e-05
"36",0.00018,0.15444,0.095,1e-05,0,2e-05,2e-05
"37",0.000185,0.23194,0.045,1.5e-05,5e-06,2e-05,5e-05
"38",0.00019,0.37063,0.085,1e-05,0,2e-05,3e-05
"39",0.000195,0.26071,0.065,2e-05,5e-06,1.5e-05,5e-05
"40",2e-04,0.188295,0.05,1e-05,1e-05,2e-05,4.5e-05
"41",0.000205,0.41566,0.095,2e-05,1e-05,2.5e-05,4.5e-05
"42",0.00021,0.100595,0.05,5e-06,5e-06,1e-05,3.5e-05
"43",0.000215,0.261815,0.08,2e-05,1e-05,1.5e-05,2e-05
"44",0.00022,0.253845,0.1,1e-05,0,2e-05,2e-05
"45",0.000225,0.34251,0.055,2e-05,1e-05,2e-05,2.5e-05
"46",0.00023,0.49513,0.07,2e-05,5e-06,2e-05,4.5e-05
"47",0.000235,0.41663,0.025,5e-06,1e-05,1e-05,2.5e-05
"48",0.00024,0.3102,0.055,5e-06,1e-05,1e-05,3e-05
"49",0.000245,0.18626,0.03,2e-05,0,1e-05,4e-05
"50",0.00025,0.373125,0.07,1.5e-05,1e-05,1e-05,3e-05
"51",0.000255,0.25591,0.065,5e-06,0,2.5e-05,4.5e-05
"52",0.00026,0.301505,0.03,1e-05,5e-06,2.5e-05,2.5e-05
"53",0.000265,0.48193,0.085,1e-05,5e-06,2.5e-05,4e-05
"54",0.00027,0.21943,0.045,1.5e-05,0,2.5e-05,4.5e-05
"55",0.000275,0.392515,0.07,1e-05,0,2e-05,4.5e-05
"56",0.00028,0.342095,0.03,5e-06,1e-05,1e-05,2e-05
"57",0.000285,0.16414,0.03,5e-06,0,1e-05,2.5e-05
"58",0.00029,0.089685,0.03,1e-05,0,1e-05,5e-05
"59",0.000295,0.35816,0.045,5e-06,0,2e-05,3.5e-05
"60",3e-04,0.40783,0.095,2e-05,5e-06,2e-05,4.5e-05
"61",0.000305,0.148795,0.1,2e-05,5e-06,2e-05,3.5e-05
"62",0.00031,0.184645,0.09,5e-06,1e-05,1e-05,4.5e-05
"63",0.000315,0.35124,0.025,5e-06,0,1e-05,2e-05
"64",0.00032,0.458365,0.07,1.5e-05,0,2e-05,3e-05
"65",0.000325,0.306775,0.06,5e-06,0,2.5e-05,4.5e-05
"66",0.00033,0.302015,0.08,5e-06,5e-06,2e-05,2e-05
"67",0.000335,0.42934,0.095,1e-05,0,1.5e-05,3e-05
"68",0.00034,0.381025,0.045,2e-05,1e-05,1e-05,3e-05
"69",0.000345,0.33262,0.035,5e-06,1e-05,2e-05,5e-05
"70",0.00035,0.34607,0.1,5e-06,1e-05,1.5e-05,3.5e-05
"71",0.000355,0.10988,0.07,5e-06,1e-05,2e-05,3.5e-05
"72",0.00036,0.175745,0.03,1.5e-05,1e-05,1e-05,3.5e-05
"73",0.000365,0.1356,0.055,1.5e-05,5e-06,1e-05,3e-05
"74",0.00037,0.094105,0.095,1.5e-05,5e-06,1.5e-05,3e-05
"75",0.000375,0.165935,0.035,1e-05,0,2.5e-05,4e-05
"76",0.00038,0.46741,0.08,1.5e-05,5e-06,2e-05,3e-05
"77",0.000385,0.45084,0.085,5e-06,1e-05,2e-05,3e-05
"78",0.00039,0.359405,0.065,1.5e-05,5e-06,2e-05,2e-05
"79",0.000395,0.29828,0.03,1e-05,0,2e-05,5e-05
"80",4e-04,0.06013,0.075,5e-06,5e-06,1e-05,3.5e-05
"81",0.000405,0.497945,0.1,1e-05,1e-05,2e-05,4e-05
"82",0.00041,0.19485,0.035,1.5e-05,5e-06,2.5e-05,2.5e-05
"83",0.000415,0.28995,0.065,5e-06,5e-06,1e-05,2.5e-05
"84",0.00042,0.197235,0.065,1.5e-05,5e-06,2e-05,3e-05
"85",0.000425,0.39847,0.045,1.5e-05,1e-05,2e-05,2.5e-05
"86",0.00043,0.397015,0.05,5e-06,5e-06,2e-05,2.5e-05
"87",0.000435,0.23648,0.03,2e-05,5e-06,1.5e-05,3.5e-05
"88",0.00044,0.187795,0.025,2e-05,5e-06,1e-05,2.5e-05
"89",0.000445,0.190825,0.04,5e-06,5e-06,2e-05,4e-05
"90",0.00045,0.24599,0.035,2e-05,1e-05,2e-05,4e-05
"91",0.000455,0.090035,0.065,1e-05,5e-06,2e-05,3e-05
"92",0.00046,0.298095,0.065,5e-06,5e-06,1e-05,5e-05
"93",0.000465,0.18508,0.025,5e-06,5e-06,2e-05,3e-05
"94",0.00047,0.455495,0.04,5e-06,1e-05,2.5e-05,3.5e-05
"95",0.000475,0.37352,0.1,1e-05,1e-05,2e-05,2e-05
"96",0.00048,0.12871,0.025,5e-06,1e-05,2.5e-05,3.5e-05
"97",0.000485,0.059685,0.09,1.5e-05,1e-05,1.5e-05,3e-05
"98",0.00049,0.26368,0.075,1e-05,0,2.5e-05,2e-05
"99",0.000495,0.44169,0.065,5e-06,5e-06,2e-05,4.5e-05
"100",5e-04,0.09458,0.025,1e-05,5e-06,2e-05,3e-05
"101",0.000505,0.462505,0.055,5e-06,0,2.5e-05,3e-05
"102",0.00051,0.481065,0.055,5e-06,5e-06,2.5e-05,4.5e-05
"103",0.000515,0.132995,0.05,2e-05,5e-06,2.5e-05,5e-05
"104",0.00052,0.365035,0.065,5e-06,0,1.5e-05,3.5e-05
"105",0.000525,0.489675,0.085,1e-05,5e-06,1e-05,5e-05
"106",0.00053,0.130445,0.06,1e-05,5e-06,2e-05,4.5e-05
"107",0.000535,0.07473,0.1,1e-05,5e-06,2.5e-05,2.5e-05
"108",0.00054,0.373975,0.025,1e-05,1e-05,1e-05,3e-05
"109",0.000545,0.367175,0.04,1.5e-05,1e-05,1e-05,3e-05
"110",0.00055,0.20817,0.09,2e-05,1e-05,1.5e-05,4e-05
"111",0.000555,0.420345,0.075,2e-05,1e-05,1.5e-05,2.5e-05
"112",0.00056,0.41622,0.06,1e-05,0,2e-05,4.5e-05
"113",0.000565,0.436455,0.09,2e-05,5e-06,1.5e-05,5e-05
"114",0.00057,0.09043,0.035,2e-05,5e-06,1e-05,2e-05
"115",0.000575,0.166845,0.09,2e-05,0,1.5e-05,3e-05
"116",0.00058,0.07655,0.035,1e-05,1e-05,1.5e-05,3.5e-05
"117",0.000585,0.492495,0.09,5e-06,0,1e-05,3.5e-05
"118",0.00059,0.17628,0.085,2e-05,0,2e-05,3.5e-05
"119",0.000595,0.445035,0.07,1.5e-05,5e-06,2e-05,2.5e-05
"120",6e-04,0.469985,0.045,1.5e-05,0,2e-05,4.5e-05
"121",0.000605,0.082885,0.05,2e-05,1e-05,2e-05,3e-05
"122",0.00061,0.1272,0.065,1.5e-05,0,2.5e-05,5e-05
"123",0.000615,0.40558,0.05,1e-05,1e-05,1e-05,2e-05
"124",0.00062,0.318315,0.085,5e-06,5e-06,2e-05,4e-05
"125",0.000625,0.349055,0.025,1e-05,1e-05,1.5e-05,3.5e-05
"126",0.00063,0.180555,0.07,1e-05,5e-06,2.5e-05,2.5e-05
"127",0.000635,0.19727,0.1,2e-05,5e-06,2e-05,4.5e-05
"128",0.00064,0.350995,0.03,1.5e-05,1e-05,1.5e-05,4.5e-05
"129",0.000645,0.05801,0.04,2e-05,5e-06,2.5e-05,2e-05
"130",0.00065,0.248485,0.045,1.5e-05,5e-06,2e-05,3e-05
"131",0.000655,0.143505,0.09,1.5e-05,5e-06,2.5e-05,3e-05
"132",0.00066,0.308135,0.045,1.5e-05,0,1e-05,2.5e-05
"133",0.000665,0.170515,0.06,2e-05,0,1e-05,3e-05
"134",0.00067,0.07124,0.05,1.5e-05,5e-06,2.5e-05,4.5e-05
"135",0.000675,0.15628,0.065,2e-05,5e-06,2.5e-05,3.5e-05
"136",0.00068,0.227915,0.075,1.5e-05,1e-05,1.5e-05,3e-05
"137",0.000685,0.26375,0.085,1.5e-05,0,1e-05,4e-05
"138",0.00069,0.477535,0.075,1e-05,0,2.5e-05,4e-05
"139",0.000695,0.118715,0.075,5e-06,5e-06,2.5e-05,4.5e-05
"140",7e-04,0.26705,0.095,5e-06,0,1.5e-05,5e-05
"141",0.000705,0.26949,0.07,1.5e-05,0,1e-05,4e-05
"142",0.00071,0.331,0.08,1e-05,0,2e-05,2.5e-05
"143",0.000715,0.291945,0.045,2e-05,5e-06,2e-05,4e-05
"144",0.00072,0.306735,0.045,1e-05,5e-06,2.5e-05,2e-05
"145",0.000725,0.295755,0.05,2e-05,1e-05,2e-05,4e-05
"146",0.00073,0.18901,0.065,1.5e-05,0,2e-05,2e-05
"147",0.000735,0.302375,0.065,1e-05,5e-06,1.5e-05,4.5e-05
"148",0.00074,0.477445,0.025,1e-05,1e-05,2.5e-05,3e-05
"149",0.000745,0.38879,0.035,5e-06,1e-05,1e-05,5e-05
"150",0.00075,0.11884,0.07,1e-05,5e-06,1e-05,3.5e-05
"151",0.000755,0.437355,0.055,1.5e-05,1e-05,1e-05,4.5e-05
"152",0.00076,0.428535,0.095,5e-06,5e-06,2e-05,2e-05
"153",0.000765,0.489755,0.075,1.5e-05,1e-05,1e-05,3e-05
"154",0.00077,0.273925,0.035,2e-05,0,2e-05,3e-05
"155",0.000775,0.485055,0.04,2e-05,1e-05,1.5e-05,5e-05
"156",0.00078,0.175515,0.095,5e-06,5e-06,2e-05,2.5e-05
"157",0.000785,0.09282,0.06,1.5e-05,1e-05,2.5e-05,3.5e-05
"158",0.00079,0.305045,0.085,5e-06,1e-05,2.5e-05,4e-05
"159",0.000795,0.12027,0.05,1.5e-05,1e-05,2.5e-05,4.5e-05
"160",8e-04,0.318755,0.04,5e-06,1e-05,1e-05,2e-05
"161",0.000805,0.26379,0.035,5e-06,0,1.5e-05,5e-05
"162",0.00081,0.392365,0.04,1.5e-05,1e-05,2.5e-05,2.5e-05
"163",0.000815,0.402285,0.04,1e-05,0,1.5e-05,2e-05
"164",0.00082,0.298915,0.08,1.5e-05,0,2.5e-05,5e-05
"165",0.000825,0.321205,0.065,2e-05,0,2e-05,4e-05
"166",0.00083,0.16187,0.07,5e-06,0,2e-05,4.5e-05
"167",0.000835,0.48768,0.065,2e-05,0,2e-05,3.5e-05
"168",0.00084,0.16555,0.075,2e-05,1e-05,1.5e-05,3e-05
"169",0.000845,0.18489,0.045,5e-06,5e-06,2e-05,4.5e-05
"170",0.00085,0.271405,0.07,1.5e-05,5e-06,2e-05,3.5e-05
"171",0.000855,0.49301,0.035,1e-05,5e-06,1e-05,4e-05
"172",0.00086,0.488435,0.03,1e-05,1e-05,1.5e-05,3.5e-05
"173",0.000865,0.14421,0.1,1e-05,0,2.5e-05,3e-05
"174",0.00087,0.19205,0.045,1e-05,5e-06,2.5e-05,4e-05
"175",0.000875,0.191305,0.085,2e-05,5e-06,1e-05,3.5e-05
"176",0.00088,0.10262,0.03,5e-06,0,1e-05,2.5e-05
"177",0.000885,0.188355,0.055,1e-05,1e-05,1e-05,2.5e-05
"178",0.00089,0.12665,0.07,1.5e-05,0,2e-05,4e-05
"179",0.000895,0.208935,0.03,5e-06,5e-06,2e-05,3.5e-05
"180",9e-04,0.05706,0.095,1e-05,1e-05,1.5e-05,2e-05
"181",0.000905,0.27946,0.05,5e-06,0,1.5e-05,2.5e-05
"182",0.00091,0.477475,0.065,1.5e-05,0,1e-05,5e-05
"183",0.000915,0.20973,0.055,1.5e-05,0,1.5e-05,3.5e-05
"184",0.00092,0.43205,0.08,5e-06,1e-05,2.5e-05,4e-05
"185",0.000925,0.38359,0.07,2e-05,0,1e-05,2e-05
"186",0.00093,0.494845,0.09,1.5e-05,0,2e-05,2e-05
"187",0.000935,0.385715,0.045,5e-06,1e-05,1e-05,3e-05
"188",0.00094,0.191025,0.08,1e-05,1e-05,1.5e-05,4e-05
"189",0.000945,0.269255,0.085,1e-05,0,1.5e-05,2.5e-05
"190",0.00095,0.263915,0.03,1.5e-05,1e-05,1.5e-05,2.5e-05
"191",0.000955,0.317025,0.1,1.5e-05,0,2e-05,5e-05
"192",0.00096,0.24255,0.05,1e-05,5e-06,1.5e-05,3e-05
"193",0.000965,0.487315,0.1,1.5e-05,0,1.5e-05,2.5e-05
"194",0.00097,0.090725,0.03,1e-05,1e-05,2.5e-05,4e-05
"195",0.000975,0.07199,0.06,1e-05,0,2e-05,2e-05
"196",0.00098,0.49144,0.04,1e-05,5e-06,2e-05,4e-05
"197",0.000985,0.34852,0.07,1e-05,0,1e-05,4e-05
"198",0.00099,0.14529,0.06,5e-06,5e-06,1e-05,3.5e-05
"199",0.000995,0.07773,0.095,5e-06,5e-06,2e-05,3.5e-05
"200",0.001,0.083575,0.035,2e-05,1e-05,2e-05,4.5e-05
"201",0.001005,0.43675,0.04,1.5e-05,0,1e-05,4.5e-05
"202",0.00101,0.066075,0.055,5e-06,0,1.5e-05,4e-05
"203",0.001015,0.102965,0.025,5e-06,0,1.5e-05,4e-05
"204",0.00102,0.28312,0.045,1e-05,0,1.5e-05,3.5e-05
"205",0.001025,0.166585,0.085,1e-05,1e-05,2.5e-05,2.5e-05
"206",0.00103,0.49798,0.085,5e-06,0,2.5e-05,2.5e-05
"207",0.001035,0.36215,0.085,1e-05,5e-06,1e-05,2e-05
"208",0.00104,0.08338,0.095,2e-05,1e-05,2e-05,2e-05
"209",0.001045,0.20243,0.055,1e-05,0,1.5e-05,4.5e-05
"210",0.00105,0.45479,0.045,5e-06,0,1e-05,4.5e-05
"211",0.001055,0.33606,0.08,2e-05,5e-06,2e-05,3e-05
"212",0.00106,0.22113,0.05,1.5e-05,5e-06,2.5e-05,2e-05
"213",0.001065,0.471255,0.05,1.5e-05,5e-06,1.5e-05,2e-05
"214",0.00107,0.30888,0.04,5e-06,0,1e-05,5e-05
"215",0.001075,0.276375,0.075,2e-05,5e-06,2e-05,4.5e-05
"216",0.00108,0.093045,0.04,2e-05,0,2e-05,3.5e-05
"217",0.001085,0.272385,0.055,1.5e-05,5e-06,2.5e-05,2e-05
"218",0.00109,0.06061,0.055,2e-05,0,1e-05,2.5e-05
"219",0.001095,0.14104,0.095,1.5e-05,5e-06,2.5e-05,3.5e-05
"220",0.0011,0.340015,0.065,1e-05,5e-06,2.5e-05,4e-05
"221",0.001105,0.39816,0.04,5e-06,0,1.5e-05,5e-05
"222",0.00111,0.369055,0.035,1e-05,1e-05,2.5e-05,3e-05
"223",0.001115,0.36446,0.1,2e-05,5e-06,1.5e-05,5e-05
"224",0.00112,0.258865,0.1,1e-05,1e-05,2e-05,5e-05
"225",0.001125,0.480815,0.06,2e-05,5e-06,2.5e-05,4.5e-05
"226",0.00113,0.30617,0.08,2e-05,5e-06,1e-05,2.5e-05
"227",0.001135,0.279245,0.04,5e-06,1e-05,2e-05,4e-05
"228",0.00114,0.28078,0.04,1e-05,1e-05,1.5e-05,4e-05
"229",0.001145,0.27419,0.05,3.5e-05,1e-05,0,0
"230",0.00115,0.17627,0.04,3.5e-05,1e-05,5e-06,2e-05
"231",0.001155,0.233175,0.085,2e-05,2.5e-05,0,1e-05
"232",0.00116,0.489125,0.095,3e-05,1.5e-05,1e-05,1.5e-05
"233",0.001165,0.415625,0.1,2.5e-05,2e-05,5e-06,0
"234",0.00117,0.177415,0.065,3.5e-05,1e-05,5e-06,0
"235",0.001175,0.075645,0.08,3e-05,2.5e-05,0,2e-05
"236",0.00118,0.41645,0.065,3.5e-05,2e-05,0,0
"237",0.001185,0.28243,0.04,3.5e-05,2.5e-05,1e-05,1.5e-05
"238",0.00119,0.159515,0.04,3e-05,2e-05,0,2e-05
"239",0.001195,0.229545,0.095,2.5e-05,1e-05,1e-05,0
"240",0.0012,0.071315,0.08,2.5e-05,1e-05,0,0
"241",0.001205,0.234065,0.1,2e-05,1e-05,1e-05,5e-06
"242",0.00121,0.40939,0.05,2e-05,2.5e-05,5e-06,1.5e-05
"243",0.001215,0.177745,0.04,2e-05,1.5e-05,1e-05,2e-05
"244",0.00122,0.428995,0.06,3e-05,2e-05,1e-05,5e-06
"245",0.001225,0.19561,0.025,3.5e-05,1.5e-05,1e-05,2e-05
"246",0.00123,0.407655,0.05,2e-05,1e-05,5e-06,0
"247",0.001235,0.349825,0.035,2e-05,2.5e-05,0,5e-06
"248",0.00124,0.092975,0.095,3.5e-05,1.5e-05,5e-06,1e-05
"249",0.001245,0.22199,0.055,3e-05,2.5e-05,5e-06,0
"250",0.00125,0.16176,0.045,3e-05,2.5e-05,1e-05,0
"251",0.001255,0.20449,0.09,3e-05,1.5e-05,5e-06,2e-05
"252",0.00126,0.135505,0.09,3e-05,1e-05,5e-06,1e-05
"253",0.001265,0.167285,0.045,2e-05,2.5e-05,0,2e-05
"254",0.00127,0.22544,0.09,3e-05,1e-05,5e-06,2e-05
"255",0.001275,0.11651,0.08,2e-05,1.5e-05,5e-06,0
"256",0.00128,0.13704,0.035,2.5e-05,2.5e-05,1e-05,1.5e-05
"257",0.001285,0.32686,0.065,3.5e-05,1.5e-05,5e-06,2e-05
"258",0.00129,0.107655,0.05,3e-05,2e-05,1e-05,1.5e-05
"259",0.001295,0.284215,0.06,3e-05,1.5e-05,1e-05,5e-06
"260",0.0013,0.085825,0.03,2e-05,2e-05,5e-06,2e-05
"261",0.001305,0.44664,0.075,2e-05,2.5e-05,5e-06,0
"262",0.00131,0.10036,0.09,2.5e-05,1.5e-05,0,2e-05
"263",0.001315,0.35701,0.07,2.5e-05,2e-05,1e-05,5e-06
"264",0.00132,0.23748,0.07,2e-05,1e-05,0,0
"265",0.001325,0.12404,0.085,2e-05,2e-05,5e-06,1e-05
"266",0.00133,0.08518,0.045,3.5e-05,2e-05,1e-05,5e-06
"267",0.001335,0.335965,0.1,3.5e-05,2.5e-05,0,0
"268",0.00134,0.172115,0.075,3e-05,2e-05,0,5e-06
"269",0.001345,0.485545,0.085,3e-05,2.5e-05,0,0
"270",0.00135,0.27691,0.08,2.5e-05,2.5e-05,5e-06,1e-05
"271",0.001355,0.259055,0.05,2e-05,2.5e-05,1e-05,5e-06
"272",0.00136,0.26968,0.035,3.5e-05,1e-05,0,2e-05
"273",0.001365,0.33252,0.085,3e-05,1e-05,1e-05,2e-05
"274",0.00137,0.266035,0.09,3e-05,2.5e-05,1e-05,5e-06
"275",0.001375,0.09257,0.05,2.5e-05,2.5e-05,5e-06,1.5e-05
"276",0.00138,0.256595,0.08,3e-05,1e-05,5e-06,1.5e-05
"277",0.001385,0.1817,0.075,2e-05,2.5e-05,1e-05,0
"278",0.00139,0.18467,0.085,2e-05,2.5e-05,0,2e-05
"279",0.001395,0.479625,0.05,3.5e-05,2e-05,1e-05,2e-05
"280",0.0014,0.248855,0.03,3e-05,2.5e-05,1e-05,5e-06
"281",0.001405,0.114595,0.035,3e-05,2e-05,5e-06,1e-05
"282",0.00141,0.106165,0.07,3.5e-05,1e-05,0,0
"283",0.001415,0.37272,0.03,3e-05,1.5e-05,5e-06,5e-06
"284",0.00142,0.260125,0.035,2e-05,1.5e-05,5e-06,0
"285",0.001425,0.22826,0.06,3.5e-05,1e-05,5e-06,1e-05
"286",0.00143,0.36976,0.055,2.5e-05,2.5e-05,1e-05,2e-05
"287",0.001435,0.24709,0.04,2e-05,2.5e-05,0,0
"288",0.00144,0.38513,0.095,3.5e-05,1e-05,0,5e-06
"289",0.001445,0.246655,0.035,2.5e-05,1e-05,1e-05,2e-05
"290",0.00145,0.378875,0.035,3e-05,2.5e-05,1e-05,1e-05
"291",0.001455,0.27453,0.09,3e-05,1.5e-05,5e-06,0
"292",0.00146,0.47333,0.025,3.5e-05,1.5e-05,1e-05,1e-05
"293",0.001465,0.05849,0.085,2e-05,1.5e-05,0,2e-05
"294",0.00147,0.173385,0.03,2.5e-05,1e-05,5e-06,0
"295",0.001475,0.47805,0.035,3e-05,2.5e-05,1e-05,1.5e-05
"296",0.00148,0.2069,0.05,3e-05,2e-05,1e-05,1.5e-05
"297",0.001485,0.190165,0.055,2e-05,2e-05,0,1e-05
"298",0.00149,0.426685,0.035,3.5e-05,2e-05,0,0
"299",0.001495,0.19497,0.06,3e-05,2.5e-05,0,1e-05
"300",0.0015,0.339555,0.045,3e-05,2.5e-05,1e-05,1.5e-05
"301",0.001505,0.46478,0.075,3e-05,2.5e-05,0,0
"302",0.00151,0.388205,0.04,3e-05,2e-05,1e-05,2e-05
"303",0.001515,0.287825,0.085,2e-05,1e-05,1e-05,1e-05
"304",0.00152,0.26907,0.065,2e-05,2.5e-05,1e-05,1e-05
"305",0.001525,0.15356,0.08,2e-05,2e-05,1e-05,2e-05
"306",0.00153,0.098925,0.095,3e-05,2.5e-05,5e-06,2e-05
"307",0.001535,0.15692,0.095,3e-05,1.5e-05,0,0
"308",0.00154,0.08187,0.04,2.5e-05,1.5e-05,1e-05,5e-06
"309",0.001545,0.25439,0.05,2e-05,2.5e-05,0,1.5e-05
"310",0.00155,0.39001,0.07,3e-05,2.5e-05,1e-05,1.5e-05
"311",0.001555,0.417295,0.025,2e-05,2.5e-05,0,5e-06
"312",0.00156,0.459935,0.05,3e-05,1.5e-05,0,0
"313",0.001565,0.25776,0.025,3.5e-05,1.5e-05,5e-06,2e-05
"314",0.00157,0.36078,0.035,2e-05,1e-05,1e-05,2e-05
"315",0.001575,0.12499,0.06,3.5e-05,1.5e-05,5e-06,1e-05
"316",0.00158,0.228365,0.095,2e-05,1.5e-05,5e-06,1.5e-05
"317",0.001585,0.05798,0.09,3e-05,2e-05,0,1e-05
"318",0.00159,0.437425,0.025,2.5e-05,2.5e-05,0,2e-05
"319",0.001595,0.14207,0.07,3e-05,2e-05,0,1.5e-05
"320",0.0016,0.409315,0.04,3e-05,1e-05,0,1.5e-05
"321",0.001605,0.1662,0.06,3e-05,2.5e-05,1e-05,5e-06
"322",0.00161,0.05733,0.045,3.5e-05,2.5e-05,0,0
"323",0.001615,0.119405,0.04,3e-05,1.5e-05,5e-06,1e-05
"324",0.00162,0.223225,0.03,2e-05,1e-05,1e-05,1e-05
"325",0.001625,0.24922,0.045,2e-05,2.5e-05,0,2e-05
"326",0.00163,0.46391,0.07,2e-05,2e-05,1e-05,1.5e-05
"327",0.001635,0.11412,0.03,2e-05,2e-05,1e-05,1.5e-05
"328",0.00164,0.133835,0.055,2.5e-05,2.5e-05,5e-06,5e-06
"329",0.001645,0.13339,0.07,2e-05,2e-05,1e-05,5e-06
"330",0.00165,0.25206,0.025,3.5e-05,2e-05,1e-05,2e-05
"331",0.001655,0.089665,0.095,3e-05,1.5e-05,5e-06,1e-05
"332",0.00166,0.172475,0.09,3e-05,2.5e-05,1e-05,0
"333",0.001665,0.237185,0.085,3.5e-05,1.5e-05,5e-06,0
"334",0.00167,0.11305,0.075,2.5e-05,2e-05,1e-05,1e-05
"335",0.001675,0.205795,0.04,3.5e-05,2e-05,1e-05,0
"336",0.00168,0.32336,0.095,3e-05,2.5e-05,1e-05,0
"337",0.001685,0.312415,0.06,2e-05,2e-05,1e-05,5e-06
"338",0.00169,0.42807,0.03,3.5e-05,1e-05,0,2e-05
"339",0.001695,0.48274,0.1,3e-05,1e-05,0,5e-06
"340",0.0017,0.095685,0.05,3e-05,1.5e-05,5e-06,5e-06
"341",0.001705,0.34514,0.035,3e-05,1.5e-05,5e-06,5e-06
"342",0.00171,0.353895,0.09,2e-05,1.5e-05,1e-05,0
"343",0.001715,0.19122,0.045,3e-05,2e-05,1e-05,1.5e-05
"344",0.00172,0.33523,0.03,2.5e-05,1.5e-05,1e-05,2e-05
"345",0.001725,0.324485,0.08,2.5e-05,1e-05,1e-05,5e-06
"346",0.00173,0.231115,0.07,3.5e-05,2e-05,1e-05,5e-06
"347",0.001735,0.18314,0.095,3e-05,1.5e-05,0,5e-06
"348",0.00174,0.087825,0.025,3e-05,1e-05,0,1.5e-05
"349",0.001745,0.386905,0.09,2e-05,2e-05,1e-05,1.5e-05
"350",0.00175,0.058995,0.055,3.5e-05,1.5e-05,1e-05,1.5e-05
"351",0.001755,0.4097,0.055,2.5e-05,1e-05,0,1e-05
"352",0.00176,0.33353,0.06,3.5e-05,1e-05,0,5e-06
"353",0.001765,0.43919,0.075,2.5e-05,1e-05,0,0
"354",0.00177,0.472185,0.045,2.5e-05,2e-05,5e-06,1.5e-05
"355",0.001775,0.16895,0.045,3.5e-05,2e-05,0,1e-05
"356",0.00178,0.22201,0.05,2.5e-05,2.5e-05,5e-06,2e-05
"357",0.001785,0.14943,0.08,3e-05,2.5e-05,5e-06,5e-06
"358",0.00179,0.33402,0.035,2e-05,2e-05,1e-05,1e-05
"359",0.001795,0.23933,0.045,2.5e-05,1e-05,1e-05,0
"360",0.0018,0.30998,0.04,2e-05,1e-05,0,1e-05
"361",0.001805,0.07659,0.07,3e-05,1.5e-05,0,5e-06
"362",0.00181,0.448175,0.09,3e-05,1.5e-05,5e-06,2e-05
"363",0.001815,0.358405,0.1,2.5e-05,2.5e-05,1e-05,5e-06
"364",0.00182,0.35931,0.03,2.5e-05,1e-05,0,5e-06
"365",0.001825,0.48093,0.065,3e-05,2e-05,1e-05,1.5e-05
"366",0.00183,0.11174,0.065,3.5e-05,2.5e-05,0,1e-05
"367",0.001835,0.181215,0.085,3.5e-05,2.5e-05,0,1.5e-05
"368",0.00184,0.444035,0.04,2e-05,1.5e-05,1e-05,5e-06
"369",0.001845,0.41188,0.1,2e-05,1.5e-05,0,1.5e-05
"370",0.00185,0.49063,0.095,3e-05,2e-05,5e-06,1.5e-05
"371",0.001855,0.401735,0.055,2.5e-05,1.5e-05,1e-05,1.5e-05
"372",0.00186,0.088245,0.03,2.5e-05,1e-05,1e-05,5e-06
"373",0.001865,0.314035,0.085,3e-05,2.5e-05,5e-06,5e-06
"374",0.00187,0.46261,0.03,2e-05,2.5e-05,0,5e-06
"375",0.001875,0.287295,0.09,3e-05,2.5e-05,0,2e-05
"376",0.00188,0.222895,0.08,3e-05,1.5e-05,5e-06,1.5e-05
"377",0.001885,0.22738,0.065,2.5e-05,2e-05,5e-06,1e-05
"378",0.00189,0.30997,0.095,2.5e-05,1e-05,0,2e-05
"379",0.001895,0.05699,0.06,3e-05,2.5e-05,1e-05,5e-06
"380",0.0019,0.12351,0.03,3.5e-05,1e-05,0,1.5e-05
"381",0.001905,0.13912,0.065,3.5e-05,1e-05,0,2e-05
"382",0.00191,0.22939,0.095,2e-05,1e-05,0,5e-06
"383",0.001915,0.362155,0.03,3e-05,1.5e-05,1e-05,1.5e-05
"384",0.00192,0.096075,0.09,2.5e-05,1.5e-05,5e-06,1.5e-05
"385",0.001925,0.117045,0.04,2e-05,2e-05,0,0
"386",0.00193,0.08209,0.04,3.5e-05,2e-05,1e-05,0
"387",0.001935,0.42561,0.09,2.5e-05,1e-05,1e-05,1e-05
"388",0.00194,0.2753,0.04,3.5e-05,1.5e-05,0,1.5e-05
"389",0.001945,0.27739,0.06,2.5e-05,2e-05,1e-05,5e-06
"390",0.00195,0.32787,0.055,2e-05,2.5e-05,0,1.5e-05
"391",0.001955,0.155565,0.055,2e-05,1e-05,0,2e-05
"392",0.00196,0.484645,0.065,2e-05,2.5e-05,0,0
"393",0.001965,0.39456,0.03,2e-05,2e-05,0,0
"394",0.00197,0.342195,0.1,2e-05,1e-05,0,5e-06
"395",0.001975,0.31432,0.065,3.5e-05,2e-05,0,5e-06
"396",0.00198,0.157575,0.025,2e-05,2.5e-05,0,5e-06
"397",0.001985,0.38977,0.365,3e-05,2e-05,1e-05,0
"398",0.00199,0.441035,0.245,2.5e-05,1.5e-05,1e-05,0
"399",0.001995,0.484645,0.335,3e-05,1e-05,1e-05,1e-05
"400",0.002,0.39309,0.305,3.5e-05,1.5e-05,0,5e-06
"401",0.002005,0.157755,0.375,3.5e-05,1.5e-05,1e-05,2e-05
"402",0.00201,0.37896,0.24,2e-05,2e-05,0,1.5e-05
"403",0.002015,0.14932,0.28,2e-05,1e-05,0,1e-05
"404",0.00202,0.2272,0.36,2e-05,1.5e-05,1e-05,5e-06
"405",0.002025,0.48977,0.35,3.5e-05,1e-05,0,2e-05
"406",0.00203,0.450945,0.255,3.5e-05,1.5e-05,0,2e-05
"407",0.002035,0.27545,0.365,3e-05,1e-05,0,1e-05
"408",0.00204,0.088515,0.25,2.5e-05,2e-05,0,5e-06
"409",0.002045,0.169955,0.245,2.5e-05,1.5e-05,0,5e-06
"410",0.00205,0.44442,0.345,3.5e-05,1e-05,1e-05,1e-05
"411",0.002055,0.22904,0.2,2.5e-05,1e-05,1e-05,1e-05
"412",0.00206,0.25353,0.22,2e-05,2.5e-05,0,1e-05
"413",0.002065,0.4607,0.155,3e-05,2.5e-05,1e-05,5e-06
"414",0.00207,0.440615,0.185,3.5e-05,2.5e-05,0,5e-06
"415",0.002075,0.26966,0.325,2e-05,1.5e-05,0,1.5e-05
"416",0.00208,0.32954,0.24,3.5e-05,1.5e-05,1e-05,1.5e-05
"417",0.002085,0.126605,0.23,2.5e-05,1e-05,1e-05,1.5e-05
"418",0.00209,0.43728,0.305,2.5e-05,2.5e-05,5e-06,2e-05
"419",0.002095,0.24301,0.37,2.5e-05,1e-05,0,0
"420",0.0021,0.48765,0.29,3e-05,2e-05,0,5e-06
"421",0.002105,0.243285,0.195,2.5e-05,1.5e-05,1e-05,1e-05
"422",0.00211,0.381045,0.35,2.5e-05,2.5e-05,0,2e-05
"423",0.002115,0.249565,0.28,3e-05,1.5e-05,5e-06,0
"424",0.00212,0.26501,0.26,2.5e-05,1.5e-05,0,1.5e-05
"425",0.002125,0.30561,0.165,2.5e-05,2e-05,1e-05,0
"426",0.00213,0.414035,0.235,3e-05,1e-05,0,2e-05
"427",0.002135,0.46748,0.355,3.5e-05,1e-05,0,1e-05
"428",0.00214,0.322595,0.25,3.5e-05,2.5e-05,1e-05,1e-05
"429",0.002145,0.15975,0.28,2e-05,2e-05,0,1.5e-05
"430",0.00215,0.11555,0.205,2e-05,2e-05,5e-06,0
"431",0.002155,0.481485,0.355,3e-05,2e-05,0,0
"432",0.00216,0.14204,0.36,3e-05,2.5e-05,1e-05,1.5e-05
"433",0.002165,0.18626,0.295,3e-05,1e-05,5e-06,1e-05
"434",0.00217,0.206435,0.32,3e-05,1.5e-05,1e-05,1.5e-05
"435",0.002175,0.2623,0.225,2e-05,1e-05,5e-06,1e-05
"436",0.00218,0.13302,0.37,2e-05,2.5e-05,0,1.5e-05
"437",0.002185,0.290095,0.365,2e-05,1e-05,5e-06,5e-06
"438",0.00219,0.436095,0.27,3e-05,1.5e-05,0,1e-05
"439",0.002195,0.184195,0.155,3.5e-05,1e-05,5e-06,2e-05
"440",0.0022,0.063315,0.33,3.5e-05,2e-05,0,1.5e-05
"441",0.002205,0.243335,0.25,2.5e-05,1.5e-05,0,1.5e-05
"442",0.00221,0.214435,0.135,3e-05,1e-05,5e-06,1.5e-05
"443",0.002215,0.072195,0.255,2e-05,1.5e-05,0,1.5e-05
"444",0.00222,0.304255,0.325,3e-05,2.5e-05,1e-05,1.5e-05
"445",0.002225,0.20633,0.335,3e-05,2.5e-05,1e-05,0
"446",0.00223,0.18719,0.215,3.5e-05,2.5e-05,0,2e-05
"447",0.002235,0.328735,0.35,2.5e-05,2e-05,0,1e-05
"448",0.00224,0.40583,0.305,2.5e-05,1e-05,1e-05,5e-06
"449",0.002245,0.10285,0.155,2e-05,2e-05,1e-05,5e-06
"450",0.00225,0.07408,0.18,2e-05,1.5e-05,1e-05,1.5e-05
"451",0.002255,0.056325,0.255,3.5e-05,1.5e-05,1e-05,0
"452",0.00226,0.1249,0.18,2e-05,2e-05,1e-05,1e-05
"453",0.002265,0.18967,0.25,2.5e-05,2e-05,1e-05,1.5e-05
"454",0.00227,0.353535,0.37,2e-05,2e-05,0,1.5e-05
"455",0.002275,0.421755,0.125,2e-05,1.5e-05,0,1e-05
"456",0.00228,0.44723,0.235,3e-05,1e-05,0,2e-05
"457",0.002285,0.086625,0.205,3e-05,2.5e-05,1e-05,1.5e-05
"458",0.00229,0.32387,0.285,2.5e-05,1e-05,0,2e-05
"459",0.002295,0.26583,0.335,3.5e-05,1e-05,5e-06,1.5e-05
"460",0.0023,0.226705,0.37,3.5e-05,2e-05,1e-05,2e-05
"461",0.002305,0.472975,0.13,3e-05,2e-05,1e-05,1.5e-05
"462",0.00231,0.27585,0.19,2e-05,2e-05,1e-05,1.5e-05
"463",0.002315,0.462445,0.375,2e-05,2e-05,0,5e-06
"464",0.00232,0.464665,0.19,2e-05,2.5e-05,5e-06,2e-05
"465",0.002325,0.18252,0.26,2e-05,1e-05,5e-06,1e-05
"466",0.00233,0.20254,0.24,2.5e-05,2.5e-05,0,1e-05
"467",0.002335,0.07899,0.35,3e-05,1e-05,0,1.5e-05
"468",0.00234,0.350505,0.18,2e-05,2e-05,1e-05,5e-06
"469",0.002345,0.388065,0.18,2.5e-05,2.5e-05,0,2e-05
"470",0.00235,0.4218,0.33,3e-05,1e-05,5e-06,5e-06
"471",0.002355,0.24201,0.185,2.5e-05,2.5e-05,5e-06,2e-05
"472",0.00236,0.23388,0.24,3e-05,1.5e-05,1e-05,1e-05
"473",0.002365,0.33629,0.175,3e-05,1.5e-05,5e-06,2e-05
"474",0.00237,0.22402,0.13,3e-05,1.5e-05,5e-06,1e-05
"475",0.002375,0.149595,0.19,2e-05,1.5e-05,5e-06,2e-05
"476",0.00238,0.328905,0.225,2.5e-05,2.5e-05,1e-05,1e-05
"477",0.002385,0.06228,0.35,3e-05,2.5e-05,0,2e-05
"478",0.00239,0.313245,0.255,3.5e-05,2.5e-05,1e-05,2e-05
"479",0.002395,0.37223,0.17,3e-05,1.5e-05,1e-05,5e-06
"480",0.0024,0.18316,0.235,3.5e-05,1.5e-05,1e-05,1e-05
"481",0.002405,0.38012,0.235,3e-05,1e-05,0,0
"482",0.00241,0.375325,0.15,3.5e-05,1.5e-05,5e-06,0
"483",0.002415,0.25841,0.37,2e-05,1e-05,0,2e-05
"484",0.00242,0.091985,0.15,2.5e-05,2e-05,5e-06,5e-06
"485",0.002425,0.14551,0.14,2.5e-05,2e-05,5e-06,5e-06
"486",0.00243,0.281835,0.29,3.5e-05,1.5e-05,1e-05,5e-06
"487",0.002435,0.475735,0.32,2e-05,1e-05,1e-05,1e-05
"488",0.00244,0.221895,0.195,3.5e-05,2.5e-05,1e-05,5e-06
"489",0.002445,0.384785,0.22,3e-05,2e-05,0,1e-05
"490",0.00245,0.214605,0.25,3.5e-05,2.5e-05,1e-05,5e-06
"491",0.002455,0.11551,0.325,2e-05,1e-05,0,0
"492",0.00246,0.30662,0.315,2e-05,2.5e-05,0,0
"493",0.002465,0.24845,0.25,3e-05,2e-05,1e-05,0
"494",0.00247,0.100215,0.175,3e-05,1e-05,5e-06,2e-05
"495",0.002475,0.22072,0.145,2e-05,1.5e-05,0,5e-06
"496",0.00248,0.26776,0.28,3.5e-05,1.5e-05,0,1.5e-05
"497",0.002485,0.31265,0.245,2.5e-05,1.5e-05,1e-05,1.5e-05
"498",0.00249,0.208705,0.26,2e-05,1e-05,5e-06,1e-05
"499",0.002495,0.11421,0.155,2e-05,2e-05,5e-06,0
"500",0.0025,0.329125,0.34,3e-05,2e-05,1e-05,1e-05
"501",0.002505,0.38913,0.205,2.5e-05,2e-05,0,2e-05
"502",0.00251,0.30608,0.19,3e-05,1.5e-05,5e-06,0
"503",0.002515,0.41596,0.27,3e-05,1e-05,1e-05,2e-05
"504",0.00252,0.410115,0.35,3e-05,1.5e-05,0,0
"505",0.002525,0.365,0.17,3e-05,2.5e-05,5e-06,0
"506",0.00253,0.32275,0.34,2.5e-05,1e-05,0,1e-05
"507",0.002535,0.450655,0.13,3e-05,2.5e-05,1e-05,1.5e-05
"508",0.00254,0.08691,0.21,3e-05,1.5e-05,1e-05,0
"509",0.002545,0.135585,0.295,3.5e-05,1e-05,0,1.5e-05
"510",0.00255,0.472645,0.15,2e-05,2e-05,1e-05,5e-06
"511",0.002555,0.108585,0.165,3e-05,1e-05,1e-05,1e-05
"512",0.00256,0.40955,0.245,3e-05,1e-05,0,1e-05
"513",0.002565,0.38246,0.31,3e-05,1e-05,5e-06,1.5e-05
"514",0.00257,0.215,0.2,2.5e-05,1.5e-05,5e-06,2e-05
"515",0.002575,0.24346,0.15,2.5e-05,1e-05,1e-05,1.5e-05
"516",0.00258,0.13738,0.185,2e-05,2e-05,1e-05,1e-05
"517",0.002585,0.07543,0.16,3.5e-05,2e-05,0,1.5e-05
"518",0.00259,0.21517,0.31,2e-05,1e-05,1e-05,1.5e-05
"519",0.002595,0.495655,0.18,3.5e-05,2e-05,0,1e-05
"520",0.0026,0.0657,0.285,3.5e-05,1e-05,0,0
"521",0.002605,0.497185,0.195,3e-05,2e-05,0,2e-05
"522",0.00261,0.45621,0.35,2e-05,1.5e-05,1e-05,1e-05
"523",0.002615,0.196425,0.18,3.5e-05,2.5e-05,0,0
"524",0.00262,0.31855,0.345,3e-05,1.5e-05,0,1e-05
"525",0.002625,0.4543,0.295,3.5e-05,1.5e-05,1e-05,2e-05
"526",0.00263,0.177925,0.355,2.5e-05,2e-05,5e-06,0
"527",0.002635,0.29354,0.145,2e-05,1e-05,1e-05,1.5e-05
"528",0.00264,0.287255,0.185,2.5e-05,1e-05,5e-06,1.5e-05
"529",0.002645,0.34934,0.17,2e-05,1.5e-05,0,5e-06
"530",0.00265,0.218395,0.17,3e-05,1.5e-05,1e-05,2e-05
"531",0.002655,0.15128,0.19,2e-05,1.5e-05,0,0
"532",0.00266,0.13167,0.16,2e-05,1.5e-05,1e-05,1e-05
"533",0.002665,0.23924,0.24,2e-05,1.5e-05,1e-05,1e-05
"534",0.00267,0.086885,0.18,3e-05,1.5e-05,0,1.5e-05
"535",0.002675,0.19822,0.28,3e-05,2e-05,0,1.5e-05
"536",0.00268,0.14588,0.14,2e-05,2.5e-05,5e-06,1.5e-05
"537",0.002685,0.27853,0.24,2e-05,2e-05,5e-06,0
"538",0.00269,0.258855,0.34,3.5e-05,1.5e-05,5e-06,2e-05
"539",0.002695,0.417925,0.37,3.5e-05,2e-05,5e-06,1.5e-05
"540",0.0027,0.259335,0.35,2e-05,2e-05,5e-06,0
"541",0.002705,0.3402,0.225,3.5e-05,1e-05,0,1.5e-05
"542",0.00271,0.25353,0.3,3.5e-05,2.5e-05,1e-05,1e-05
"543",0.002715,0.377085,0.235,2.5e-05,2.5e-05,5e-06,1e-05
"544",0.00272,0.173875,0.3,2.5e-05,1e-05,5e-06,0
"545",0.002725,0.428225,0.27,3e-05,1.5e-05,5e-06,1e-05
"546",0.00273,0.417725,0.14,3.5e-05,2.5e-05,0,2e-05
"547",0.002735,0.220785,0.34,3.5e-05,1e-05,5e-06,2e-05
"548",0.00274,0.190625,0.13,2e-05,2.5e-05,1e-05,2e-05
"549",0.002745,0.37699,0.28,2e-05,1.5e-05,0,2e-05
"550",0.00275,0.454995,0.195,3.5e-05,2.5e-05,1e-05,1.5e-05
"551",0.002755,0.35188,0.295,3.5e-05,2.5e-05,1e-05,1.5e-05
"552",0.00276,0.166475,0.185,3.5e-05,1e-05,5e-06,5e-06
"553",0.002765,0.40471,0.325,3.5e-05,1.5e-05,1e-05,5e-06
"554",0.00277,0.132465,0.205,3.5e-05,2e-05,5e-06,1.5e-05
"555",0.002775,0.48925,0.165,2.5e-05,1e-05,1e-05,0
"556",0.00278,0.219205,0.26,2e-05,2.5e-05,0,2e-05
"557",0.002785,0.399425,0.3,2e-05,2.5e-05,0,2e-05
"558",0.00279,0.29658,0.31,3.5e-05,2e-05,5e-06,2e-05
"559",0.002795,0.41733,0.2,3e-05,2.5e-05,5e-06,1e-05
"560",0.0028,0.40755,0.205,3.5e-05,2.5e-05,1e-05,1.5e-05
"561",0.002805,0.17634,0.23,3e-05,1.5e-05,5e-06,0
"562",0.00281,0.05867,0.145,3.5e-05,2.5e-05,0,1e-05
"563",0.002815,0.442055,0.28,3.5e-05,1.5e-05,0,5e-06
"564",0.00282,0.481345,0.345,2.5e-05,2e-05,5e-06,0
"565",0.002825,0.438415,0.18,3.5e-05,2e-05,0,0
"566",0.00283,0.130315,0.345,3e-05,2.5e-05,0,5e-06
"567",0.002835,0.212395,0.19,3e-05,2.5e-05,0,5e-06
"568",0.00284,0.29058,0.145,3.5e-05,1.5e-05,5e-06,5e-06
"569",0.002845,0.33641,0.29,3e-05,2.5e-05,5e-06,0
"570",0.00285,0.42444,0.36,3e-05,2e-05,5e-06,0
"571",0.002855,0.37683,0.32,2e-05,1e-05,5e-06,5e-06
"572",0.00286,0.071885,0.18,3.5e-05,1e-05,0,2e-05
"573",0.002865,0.29537,0.355,3.5e-05,2e-05,0,1e-05
"574",0.00287,0.48267,0.33,3.5e-05,1e-05,1e-05,1.5e-05
"575",0.002875,0.15935,0.35,2e-05,1.5e-05,1e-05,0
"576",0.00288,0.12374,0.365,2.5e-05,1.5e-05,0,2e-05
"577",0.002885,0.3446,0.15,3e-05,1.5e-05,5e-06,5e-06
"578",0.00289,0.338185,0.22,2.5e-05,1.5e-05,0,2e-05
"579",0.002895,0.304195,0.195,3.5e-05,2.5e-05,0,1.5e-05
"580",0.0029,0.29585,0.325,2e-05,1.5e-05,0,0
"581",0.002905,0.45293,0.26,2e-05,2.5e-05,1e-05,5e-06
"582",0.00291,0.28135,0.13,3e-05,2.5e-05,5e-06,2e-05
"583",0.002915,0.43835,0.34,3e-05,2.5e-05,5e-06,0
"584",0.00292,0.238515,0.26,3e-05,1e-05,0,0
"585",0.002925,0.177105,0.17,3e-05,2e-05,5e-06,1.5e-05
"586",0.00293,0.292555,0.195,3.5e-05,2e-05,0,2e-05
"587",0.002935,0.38199,0.155,3.5e-05,1.5e-05,0,1e-05
"588",0.00294,0.46655,0.35,2e-05,1.5e-05,0,2e-05
"589",0.002945,0.18418,0.275,2e-05,1.5e-05,5e-06,0
"590",0.00295,0.231865,0.145,2e-05,2.5e-05,0,1e-05
"591",0.002955,0.4735,0.18,3e-05,1e-05,1e-05,1.5e-05
"592",0.00296,0.3393,0.34,2.5e-05,1e-05,5e-06,2e-05
"593",0.002965,0.497365,0.27,2.5e-05,2e-05,1e-05,5e-06
"594",0.00297,0.34431,0.33,2e-05,2.5e-05,5e-06,5e-06
"595",0.002975,0.466905,0.3,2e-05,1e-05,5e-06,2e-05
"596",0.00298,0.23274,0.205,3.5e-05,2e-05,1e-05,1e-05
"597",0.002985,0.370415,0.21,3e-05,2e-05,1e-05,0
"598",0.00299,0.2433,0.19,3.5e-05,2.5e-05,1e-05,5e-06
"599",0.002995,0.0686,0.32,2.5e-05,2e-05,5e-06,1e-05
"600",0.003,0.361695,0.285,3e-05,1e-05,1e-05,0
"601",0.003005,0.49642,0.34,3.5e-05,2.5e-05,0,0
"602",0.00301,0.23599,0.165,2.5e-05,2e-05,0,1e-05
"603",0.003015,0.337075,0.185,3.5e-05,2e-05,0,5e-06
"604",0.00302,0.222015,0.3,3e-05,1.5e-05,1e-05,1.5e-05
"605",0.003025,0.29138,0.135,3.5e-05,1.5e-05,0,1e-05
"606",0.00303,0.42617,0.18,2.5e-05,1e-05,1e-05,1.5e-05
"607",0.003035,0.15974,0.315,2.5e-05,1.5e-05,5e-06,1.5e-05
"608",0.00304,0.450955,0.17,3e-05,1.5e-05,5e-06,0
"609",0.003045,0.246705,0.235,2e-05,2e-05,5e-06,0
"610",0.00305,0.05781,0.19,2e-05,1.5e-05,1e-05,0
"611",0.003055,0.081265,0.195,3.5e-05,1e-05,5e-06,0
"612",0.00306,0.403115,0.23,3.5e-05,2e-05,5e-06,1.5e-05
"613",0.003065,0.471955,0.785,4.5e-05,5e-06,7e-05,5e-06
"614",0.00307,0.25299,0.47,4.5e-05,5e-06,5.5e-05,0
"615",0.003075,0.200095,0.815,4e-05,5e-06,3.5e-05,5e-06
"616",0.00308,0.38955,0.655,4.5e-05,5e-06,5e-05,5e-06
"617",0.003085,0.44916,0.48,5e-05,5e-06,5.5e-05,1e-05
"618",0.00309,0.49108,0.68,4e-05,0,6.5e-05,0
"619",0.003095,0.272475,0.605,3.5e-05,0,6.5e-05,1e-05
"620",0.0031,0.23825,0.79,3.5e-05,0,6.5e-05,0
"621",0.003105,0.160535,0.54,5e-05,0,7.5e-05,5e-06
"622",0.00311,0.42096,0.83,4.5e-05,5e-06,6e-05,1e-05
"623",0.003115,0.26958,0.88,5e-05,5e-06,7.5e-05,1e-05
"624",0.00312,0.16292,0.83,5e-05,0,3.5e-05,0
"625",0.003125,0.486425,0.89,3.5e-05,0,5.5e-05,0
"626",0.00313,0.101685,0.455,4e-05,5e-06,3e-05,5e-06
"627",0.003135,0.077925,0.78,4.5e-05,5e-06,5e-05,1e-05
"628",0.00314,0.1031,0.73,5e-05,0,6e-05,5e-06
"629",0.003145,0.375045,0.42,4.5e-05,5e-06,7.5e-05,0
"630",0.00315,0.381015,0.775,4e-05,0,3.5e-05,1e-05
"631",0.003155,0.169185,1,5e-05,0,6.5e-05,0
"632",0.00316,0.07458,0.975,4e-05,0,7.5e-05,0
"633",0.003165,0.489675,0.935,3.5e-05,5e-06,3.5e-05,0
"634",0.00317,0.0809,0.815,3.5e-05,5e-06,5e-05,5e-06
"635",0.003175,0.247465,0.53,4e-05,0,4e-05,5e-06
"636",0.00318,0.35487,0.57,5e-05,5e-06,3.5e-05,1e-05
"637",0.003185,0.201085,0.63,5e-05,5e-06,4e-05,0
"638",0.00319,0.44221,0.865,4.5e-05,5e-06,5.5e-05,0
"639",0.003195,0.08769,0.765,4e-05,5e-06,3.5e-05,5e-06
"640",0.0032,0.454195,0.92,3.5e-05,5e-06,7.5e-05,1e-05
"641",0.003205,0.499215,0.615,4e-05,5e-06,7.5e-05,1e-05
"642",0.00321,0.13606,0.72,5e-05,0,5e-05,1e-05
"643",0.003215,0.457875,0.485,5e-05,5e-06,4.5e-05,1e-05
"644",0.00322,0.30095,0.49,4.5e-05,0,4e-05,1e-05
"645",0.003225,0.092595,0.635,5e-05,5e-06,7.5e-05,5e-06
"646",0.00323,0.24381,0.855,5e-05,0,7.5e-05,0
"647",0.003235,0.29196,0.93,3.5e-05,0,4e-05,5e-06
"648",0.00324,0.399765,0.915,4.5e-05,0,4.5e-05,1e-05
"649",0.003245,0.066575,0.555,4e-05,5e-06,3.5e-05,0
"650",0.00325,0.15285,0.56,5e-05,5e-06,4e-05,5e-06
"651",0.003255,0.39498,0.975,5e-05,5e-06,6e-05,1e-05
"652",0.00326,0.39202,0.66,4.5e-05,5e-06,6e-05,1e-05
"653",0.003265,0.142625,0.78,4e-05,5e-06,4e-05,0
"654",0.00327,0.25913,0.475,5e-05,0,7.5e-05,5e-06
"655",0.003275,0.32875,0.86,5e-05,5e-06,4.5e-05,5e-06
"656",0.00328,0.25554,0.495,5e-05,5e-06,5e-05,0
"657",0.003285,0.30366,0.42,5e-05,5e-06,6.5e-05,1e-05
"658",0.00329,0.26917,0.725,4e-05,5e-06,4.5e-05,5e-06
"659",0.003295,0.403275,0.86,5e-05,5e-06,7.5e-05,0
"660",0.0033,0.40075,0.835,4.5e-05,0,6e-05,1e-05
